size,difficulty,board_name,algo,heuristic,time(s),steps,timeout
6,easy:1,6:easy:1,BFS,N/A,3e-05,1,False
6,easy:1,6:easy:1,BFS,N/A,4.3e-05,1,False
6,easy:1,6:easy:1,BFS,N/A,3.2e-05,1,False
6,easy:1,6:easy:1,DFS,N/A,2.3e-05,1,False
6,easy:1,6:easy:1,DFS,N/A,2.1e-05,1,False
6,easy:1,6:easy:1,DFS,N/A,2.1e-05,1,False
6,easy:1,6:easy:1,IDS,N/A,2.5e-05,1,False
6,easy:1,6:easy:1,IDS,N/A,2.6e-05,1,False
6,easy:1,6:easy:1,IDS,N/A,2.6e-05,1,False
6,easy:1,6:easy:1,GREEDY,adjacency,2.8e-05,1,False
6,easy:1,6:easy:1,GREEDY,adjacency,2.8e-05,1,False
6,easy:1,6:easy:1,GREEDY,adjacency,2.9e-05,1,False
6,easy:2,6:easy:2,BFS,N/A,8e-05,3,False
6,easy:2,6:easy:2,BFS,N/A,4.7e-05,3,False
6,easy:2,6:easy:2,BFS,N/A,4.6e-05,3,False
6,easy:2,6:easy:2,DFS,N/A,7e-05,18,False
6,easy:2,6:easy:2,DFS,N/A,6.9e-05,18,False
6,easy:2,6:easy:2,DFS,N/A,7.1e-05,18,False
6,easy:2,6:easy:2,IDS,N/A,4.8e-05,3,False
6,easy:2,6:easy:2,IDS,N/A,4.7e-05,3,False
6,easy:2,6:easy:2,IDS,N/A,5.1e-05,3,False
6,easy:2,6:easy:2,GREEDY,adjacency,0.000156,3,False
6,easy:2,6:easy:2,GREEDY,adjacency,0.000155,3,False
6,easy:2,6:easy:2,GREEDY,adjacency,0.000157,3,False
6,easy:3,6:easy:3,BFS,N/A,6.7e-05,3,False
6,easy:3,6:easy:3,BFS,N/A,6.3e-05,3,False
6,easy:3,6:easy:3,BFS,N/A,6.2e-05,3,False
6,easy:3,6:easy:3,DFS,N/A,0.000174,46,False
6,easy:3,6:easy:3,DFS,N/A,0.000199,46,False
6,easy:3,6:easy:3,DFS,N/A,0.000171,46,False
6,easy:3,6:easy:3,IDS,N/A,6.2e-05,3,False
6,easy:3,6:easy:3,IDS,N/A,6.3e-05,3,False
6,easy:3,6:easy:3,IDS,N/A,6.3e-05,3,False
6,easy:3,6:easy:3,GREEDY,adjacency,0.00017,3,False
6,easy:3,6:easy:3,GREEDY,adjacency,0.000166,3,False
6,easy:3,6:easy:3,GREEDY,adjacency,0.00017,3,False
6,medium:1,6:medium:1,BFS,N/A,0.000162,5,False
6,medium:1,6:medium:1,BFS,N/A,0.000172,5,False
6,medium:1,6:medium:1,BFS,N/A,0.00016,5,False
6,medium:1,6:medium:1,DFS,N/A,0.00061,238,False
6,medium:1,6:medium:1,DFS,N/A,0.000637,238,False
6,medium:1,6:medium:1,DFS,N/A,0.000607,238,False
6,medium:1,6:medium:1,IDS,N/A,0.000128,5,False
6,medium:1,6:medium:1,IDS,N/A,0.000125,5,False
6,medium:1,6:medium:1,IDS,N/A,0.000134,5,False
6,medium:1,6:medium:1,GREEDY,adjacency,0.0006,5,False
6,medium:1,6:medium:1,GREEDY,adjacency,0.000551,5,False
6,medium:1,6:medium:1,GREEDY,adjacency,0.000564,5,False
6,medium:2,6:medium:2,BFS,N/A,0.000224,6,False
6,medium:2,6:medium:2,BFS,N/A,0.000218,6,False
6,medium:2,6:medium:2,BFS,N/A,0.00022,6,False
6,medium:2,6:medium:2,DFS,N/A,0.000614,243,False
6,medium:2,6:medium:2,DFS,N/A,0.000622,243,False
6,medium:2,6:medium:2,DFS,N/A,0.000607,243,False
6,medium:2,6:medium:2,IDS,N/A,0.000194,6,False
6,medium:2,6:medium:2,IDS,N/A,0.000194,6,False
6,medium:2,6:medium:2,IDS,N/A,0.000192,6,False
6,medium:2,6:medium:2,GREEDY,adjacency,0.000582,6,False
6,medium:2,6:medium:2,GREEDY,adjacency,0.000551,6,False
6,medium:2,6:medium:2,GREEDY,adjacency,0.000566,6,False
6,medium:3,6:medium:3,BFS,N/A,0.000387,7,False
6,medium:3,6:medium:3,BFS,N/A,0.000381,7,False
6,medium:3,6:medium:3,BFS,N/A,0.000381,7,False
6,medium:3,6:medium:3,DFS,N/A,0.000612,241,False
6,medium:3,6:medium:3,DFS,N/A,0.000643,241,False
6,medium:3,6:medium:3,DFS,N/A,0.00062,241,False
6,medium:3,6:medium:3,IDS,N/A,0.00043,7,False
6,medium:3,6:medium:3,IDS,N/A,0.000423,7,False
6,medium:3,6:medium:3,IDS,N/A,0.000439,7,False
6,medium:3,6:medium:3,GREEDY,adjacency,0.000572,7,False
6,medium:3,6:medium:3,GREEDY,adjacency,0.000548,7,False
6,medium:3,6:medium:3,GREEDY,adjacency,0.000561,7,False
6,hard:1,6:hard:1,BFS,N/A,0.000973,9,False
6,hard:1,6:hard:1,BFS,N/A,0.001062,9,False
6,hard:1,6:hard:1,BFS,N/A,0.000955,9,False
6,hard:1,6:hard:1,DFS,N/A,0.000666,258,False
6,hard:1,6:hard:1,DFS,N/A,0.000661,258,False
6,hard:1,6:hard:1,DFS,N/A,0.000693,258,False
6,hard:1,6:hard:1,IDS,N/A,0.001401,9,False
6,hard:1,6:hard:1,IDS,N/A,0.00142,9,False
6,hard:1,6:hard:1,IDS,N/A,0.001404,9,False
6,hard:1,6:hard:1,GREEDY,adjacency,0.002079,14,False
6,hard:1,6:hard:1,GREEDY,adjacency,0.00209,14,False
6,hard:1,6:hard:1,GREEDY,adjacency,0.002065,14,False
6,hard:2,6:hard:2,BFS,N/A,0.001009,10,False
6,hard:2,6:hard:2,BFS,N/A,0.001035,10,False
6,hard:2,6:hard:2,BFS,N/A,0.001014,10,False
6,hard:2,6:hard:2,DFS,N/A,0.000388,147,False
6,hard:2,6:hard:2,DFS,N/A,0.000393,147,False
6,hard:2,6:hard:2,DFS,N/A,0.000393,147,False
6,hard:2,6:hard:2,IDS,N/A,0.001756,10,False
6,hard:2,6:hard:2,IDS,N/A,0.001861,10,False
6,hard:2,6:hard:2,IDS,N/A,0.001781,10,False
6,hard:2,6:hard:2,GREEDY,adjacency,0.002077,10,False
6,hard:2,6:hard:2,GREEDY,adjacency,0.002138,10,False
6,hard:2,6:hard:2,GREEDY,adjacency,0.002072,10,False
6,hard:3,6:hard:3,BFS,N/A,0.001158,11,False
6,hard:3,6:hard:3,BFS,N/A,0.001174,11,False
6,hard:3,6:hard:3,BFS,N/A,0.001154,11,False
6,hard:3,6:hard:3,DFS,N/A,0.000315,107,False
6,hard:3,6:hard:3,DFS,N/A,0.000299,107,False
6,hard:3,6:hard:3,DFS,N/A,0.000305,107,False
6,hard:3,6:hard:3,IDS,N/A,0.002367,11,False
6,hard:3,6:hard:3,IDS,N/A,0.002372,11,False
6,hard:3,6:hard:3,IDS,N/A,0.002421,11,False
6,hard:3,6:hard:3,GREEDY,adjacency,0.002145,11,False
6,hard:3,6:hard:3,GREEDY,adjacency,0.002275,11,False
6,hard:3,6:hard:3,GREEDY,adjacency,0.002075,11,False
10,easy:1,10:easy:1,BFS,N/A,3.4e-05,1,False
10,easy:1,10:easy:1,BFS,N/A,3.6e-05,1,False
10,easy:1,10:easy:1,BFS,N/A,3.9e-05,1,False
10,easy:1,10:easy:1,DFS,N/A,2.1e-05,1,False
10,easy:1,10:easy:1,DFS,N/A,2.3e-05,1,False
10,easy:1,10:easy:1,DFS,N/A,2.3e-05,1,False
10,easy:1,10:easy:1,IDS,N/A,2.6e-05,1,False
10,easy:1,10:easy:1,IDS,N/A,2.6e-05,1,False
10,easy:1,10:easy:1,IDS,N/A,2.6e-05,1,False
10,easy:1,10:easy:1,GREEDY,adjacency,3e-05,1,False
10,easy:1,10:easy:1,GREEDY,adjacency,3e-05,1,False
10,easy:1,10:easy:1,GREEDY,adjacency,2.8e-05,1,False
10,easy:2,10:easy:2,BFS,N/A,0.00011,3,False
10,easy:2,10:easy:2,BFS,N/A,0.000112,3,False
10,easy:2,10:easy:2,BFS,N/A,0.000111,3,False
10,easy:2,10:easy:2,DFS,N/A,0.000561,204,False
10,easy:2,10:easy:2,DFS,N/A,0.000563,204,False
10,easy:2,10:easy:2,DFS,N/A,0.000567,204,False
10,easy:2,10:easy:2,IDS,N/A,7e-05,3,False
10,easy:2,10:easy:2,IDS,N/A,6.7e-05,3,False
10,easy:2,10:easy:2,IDS,N/A,6.8e-05,3,False
10,easy:2,10:easy:2,GREEDY,adjacency,8.3e-05,3,False
10,easy:2,10:easy:2,GREEDY,adjacency,8.4e-05,3,False
10,easy:2,10:easy:2,GREEDY,adjacency,7.9e-05,3,False
10,easy:3,10:easy:3,BFS,N/A,0.0002,5,False
10,easy:3,10:easy:3,BFS,N/A,0.000199,5,False
10,easy:3,10:easy:3,BFS,N/A,0.000211,5,False
10,easy:3,10:easy:3,DFS,N/A,0.000321,107,False
10,easy:3,10:easy:3,DFS,N/A,0.000332,107,False
10,easy:3,10:easy:3,DFS,N/A,0.00032,107,False
10,easy:3,10:easy:3,IDS,N/A,0.000178,5,False
10,easy:3,10:easy:3,IDS,N/A,0.000179,5,False
10,easy:3,10:easy:3,IDS,N/A,0.000171,5,False
10,easy:3,10:easy:3,GREEDY,adjacency,0.000161,5,False
10,easy:3,10:easy:3,GREEDY,adjacency,0.000153,5,False
10,easy:3,10:easy:3,GREEDY,adjacency,0.000154,5,False
10,medium:1,10:medium:1,BFS,N/A,0.012548,12,False
10,medium:1,10:medium:1,BFS,N/A,0.012554,12,False
10,medium:1,10:medium:1,BFS,N/A,0.01236,12,False
10,medium:1,10:medium:1,DFS,N/A,3.863828,992968,False
10,medium:1,10:medium:1,DFS,N/A,3.871284,992968,False
10,medium:1,10:medium:1,DFS,N/A,3.848521,992968,False
10,medium:1,10:medium:1,IDS,N/A,0.009132,12,False
10,medium:1,10:medium:1,IDS,N/A,0.009203,12,False
10,medium:1,10:medium:1,IDS,N/A,0.009346,12,False
10,medium:1,10:medium:1,GREEDY,adjacency,0.005728,24,False
10,medium:1,10:medium:1,GREEDY,adjacency,0.005758,24,False
10,medium:1,10:medium:1,GREEDY,adjacency,0.006222,24,False
10,medium:2,10:medium:2,BFS,N/A,0.065348,14,False
10,medium:2,10:medium:2,BFS,N/A,0.071197,14,False
10,medium:2,10:medium:2,BFS,N/A,0.06671,14,False
10,medium:2,10:medium:2,DFS,N/A,5.189829,1301766,False
10,medium:2,10:medium:2,DFS,N/A,5.085432,1301766,False
10,medium:2,10:medium:2,DFS,N/A,5.189054,1301766,False
10,medium:2,10:medium:2,IDS,N/A,0.183937,17,False
10,medium:2,10:medium:2,IDS,N/A,0.179143,17,False
10,medium:2,10:medium:2,IDS,N/A,0.166024,17,False
10,medium:2,10:medium:2,GREEDY,adjacency,0.014887,28,False
10,medium:2,10:medium:2,GREEDY,adjacency,0.01536,28,False
10,medium:2,10:medium:2,GREEDY,adjacency,0.01467,28,False
10,medium:3,10:medium:3,BFS,N/A,0.098567,14,False
10,medium:3,10:medium:3,BFS,N/A,0.096948,14,False
10,medium:3,10:medium:3,BFS,N/A,0.099441,14,False
10,medium:3,10:medium:3,DFS,N/A,1.945802,467681,False
10,medium:3,10:medium:3,DFS,N/A,1.928041,467681,False
10,medium:3,10:medium:3,DFS,N/A,1.864944,467681,False
10,medium:3,10:medium:3,IDS,N/A,0.13268,16,False
10,medium:3,10:medium:3,IDS,N/A,0.13688,16,False
10,medium:3,10:medium:3,IDS,N/A,0.134416,16,False
10,medium:3,10:medium:3,GREEDY,adjacency,0.031819,28,False
10,medium:3,10:medium:3,GREEDY,adjacency,0.032346,28,False
10,medium:3,10:medium:3,GREEDY,adjacency,0.031737,28,False
10,hard:1,10:hard:1,BFS,N/A,5.140849,21,False
10,hard:1,10:hard:1,BFS,N/A,5.206208,21,False
10,hard:1,10:hard:1,BFS,N/A,5.164228,21,False
10,hard:1,10:hard:1,DFS,N/A,0.07994,30043,False
10,hard:1,10:hard:1,DFS,N/A,0.08434,30043,False
10,hard:1,10:hard:1,DFS,N/A,0.080229,30043,False
10,hard:1,10:hard:1,IDS,N/A,1.102727,21,False
10,hard:1,10:hard:1,IDS,N/A,1.094446,21,False
10,hard:1,10:hard:1,IDS,N/A,1.082753,21,False
10,hard:1,10:hard:1,GREEDY,adjacency,0.020861,27,False
10,hard:1,10:hard:1,GREEDY,adjacency,0.02138,27,False
10,hard:1,10:hard:1,GREEDY,adjacency,0.020817,27,False
10,hard:2,10:hard:2,BFS,N/A,10.254939,27,False
10,hard:2,10:hard:2,BFS,N/A,11.017256,27,False
10,hard:2,10:hard:2,BFS,N/A,10.293676,27,False
10,hard:2,10:hard:2,DFS,N/A,2.126645,542986,False
10,hard:2,10:hard:2,DFS,N/A,2.186318,542986,False
10,hard:2,10:hard:2,DFS,N/A,2.177069,542986,False
10,hard:2,10:hard:2,IDS,N/A,12.678521,33,False
10,hard:2,10:hard:2,IDS,N/A,13.135978,33,False
10,hard:2,10:hard:2,IDS,N/A,12.602111,33,False
10,hard:2,10:hard:2,GREEDY,adjacency,0.029358,51,False
10,hard:2,10:hard:2,GREEDY,adjacency,0.029047,51,False
10,hard:2,10:hard:2,GREEDY,adjacency,0.02834,51,False
10,hard:3,10:hard:3,BFS,N/A,10.361838,27,False
10,hard:3,10:hard:3,BFS,N/A,10.334772,27,False
10,hard:3,10:hard:3,BFS,N/A,10.444595,27,False
10,hard:3,10:hard:3,DFS,N/A,0.687633,191257,False
10,hard:3,10:hard:3,DFS,N/A,0.734352,191257,False
10,hard:3,10:hard:3,DFS,N/A,0.726323,191257,False
10,hard:3,10:hard:3,IDS,N/A,8.731071,29,False
10,hard:3,10:hard:3,IDS,N/A,8.75212,29,False
10,hard:3,10:hard:3,IDS,N/A,8.765539,29,False
10,hard:3,10:hard:3,GREEDY,adjacency,0.023541,51,False
10,hard:3,10:hard:3,GREEDY,adjacency,0.023897,51,False
10,hard:3,10:hard:3,GREEDY,adjacency,0.023631,51,False
14,easy:1,14:easy:1,BFS,N/A,3e-05,1,False
14,easy:1,14:easy:1,BFS,N/A,3e-05,1,False
14,easy:1,14:easy:1,BFS,N/A,3.3e-05,1,False
14,easy:1,14:easy:1,DFS,N/A,2.4e-05,1,False
14,easy:1,14:easy:1,DFS,N/A,2.4e-05,1,False
14,easy:1,14:easy:1,DFS,N/A,3e-05,1,False
14,easy:1,14:easy:1,IDS,N/A,3e-05,1,False
14,easy:1,14:easy:1,IDS,N/A,2.6e-05,1,False
14,easy:1,14:easy:1,IDS,N/A,2.5e-05,1,False
14,easy:1,14:easy:1,GREEDY,adjacency,3.3e-05,1,False
14,easy:1,14:easy:1,GREEDY,adjacency,2.9e-05,1,False
14,easy:1,14:easy:1,GREEDY,adjacency,3.1e-05,1,False
14,easy:2,14:easy:2,BFS,N/A,0.000113,3,False
14,easy:2,14:easy:2,BFS,N/A,0.000115,3,False
14,easy:2,14:easy:2,BFS,N/A,0.000122,3,False
14,easy:2,14:easy:2,DFS,N/A,0.001157,420,False
14,easy:2,14:easy:2,DFS,N/A,0.001216,420,False
14,easy:2,14:easy:2,DFS,N/A,0.001163,420,False
14,easy:2,14:easy:2,IDS,N/A,7.2e-05,3,False
14,easy:2,14:easy:2,IDS,N/A,6.6e-05,3,False
14,easy:2,14:easy:2,IDS,N/A,8.2e-05,3,False
14,easy:2,14:easy:2,GREEDY,adjacency,0.000108,3,False
14,easy:2,14:easy:2,GREEDY,adjacency,0.00011,3,False
14,easy:2,14:easy:2,GREEDY,adjacency,0.000109,3,False
14,easy:3,14:easy:3,BFS,N/A,0.000218,5,False
14,easy:3,14:easy:3,BFS,N/A,0.000216,5,False
14,easy:3,14:easy:3,BFS,N/A,0.000237,5,False
14,easy:3,14:easy:3,DFS,N/A,0.000874,296,False
14,easy:3,14:easy:3,DFS,N/A,0.000937,296,False
14,easy:3,14:easy:3,DFS,N/A,0.000872,296,False
14,easy:3,14:easy:3,IDS,N/A,0.000191,5,False
14,easy:3,14:easy:3,IDS,N/A,0.000186,5,False
14,easy:3,14:easy:3,IDS,N/A,0.000274,5,False
14,easy:3,14:easy:3,GREEDY,adjacency,0.000189,5,False
14,easy:3,14:easy:3,GREEDY,adjacency,0.000185,5,False
14,easy:3,14:easy:3,GREEDY,adjacency,0.000184,5,False
14,medium:1,14:medium:1,BFS,N/A,0.000756,7,False
14,medium:1,14:medium:1,BFS,N/A,0.000722,7,False
14,medium:1,14:medium:1,BFS,N/A,0.000717,7,False
14,medium:1,14:medium:1,DFS,N/A,0.000918,299,False
14,medium:1,14:medium:1,DFS,N/A,0.000881,299,False
14,medium:1,14:medium:1,DFS,N/A,0.001016,299,False
14,medium:1,14:medium:1,IDS,N/A,0.00072,7,False
14,medium:1,14:medium:1,IDS,N/A,0.000726,7,False
14,medium:1,14:medium:1,IDS,N/A,0.000727,7,False
14,medium:1,14:medium:1,GREEDY,adjacency,0.000245,7,False
14,medium:1,14:medium:1,GREEDY,adjacency,0.000242,7,False
14,medium:1,14:medium:1,GREEDY,adjacency,0.000248,7,False
14,medium:2,14:medium:2,BFS,N/A,0.001652,8,False
14,medium:2,14:medium:2,BFS,N/A,0.001668,8,False
14,medium:2,14:medium:2,BFS,N/A,0.001652,8,False
14,medium:2,14:medium:2,DFS,N/A,0.001099,388,False
14,medium:2,14:medium:2,DFS,N/A,0.001122,388,False
14,medium:2,14:medium:2,DFS,N/A,0.001114,388,False
14,medium:2,14:medium:2,IDS,N/A,0.001825,8,False
14,medium:2,14:medium:2,IDS,N/A,0.001571,8,False
14,medium:2,14:medium:2,IDS,N/A,0.001647,8,False
14,medium:2,14:medium:2,GREEDY,adjacency,0.000482,8,False
14,medium:2,14:medium:2,GREEDY,adjacency,0.000471,8,False
14,medium:2,14:medium:2,GREEDY,adjacency,0.000497,8,False
14,medium:3,14:medium:3,BFS,N/A,0.005304,10,False
14,medium:3,14:medium:3,BFS,N/A,0.005353,10,False
14,medium:3,14:medium:3,BFS,N/A,0.005329,10,False
14,medium:3,14:medium:3,DFS,N/A,0.001067,331,False
14,medium:3,14:medium:3,DFS,N/A,0.000962,331,False
14,medium:3,14:medium:3,DFS,N/A,0.00095,331,False
14,medium:3,14:medium:3,IDS,N/A,0.005279,10,False
14,medium:3,14:medium:3,IDS,N/A,0.006625,10,False
14,medium:3,14:medium:3,IDS,N/A,0.005122,10,False
14,medium:3,14:medium:3,GREEDY,adjacency,0.000374,10,False
14,medium:3,14:medium:3,GREEDY,adjacency,0.000364,10,False
14,medium:3,14:medium:3,GREEDY,adjacency,0.000393,10,False
14,hard:1,14:hard:1,BFS,N/A,N/A,0,True
14,hard:1,14:hard:1,BFS,N/A,N/A,0,True
14,hard:1,14:hard:1,BFS,N/A,N/A,0,True
14,hard:1,14:hard:1,DFS,N/A,0.35221,94109,False
14,hard:1,14:hard:1,DFS,N/A,0.365097,94109,False
14,hard:1,14:hard:1,DFS,N/A,0.349157,94109,False
14,hard:1,14:hard:1,IDS,N/A,N/A,0,True
14,hard:1,14:hard:1,IDS,N/A,N/A,0,True
14,hard:1,14:hard:1,IDS,N/A,N/A,0,True
14,hard:1,14:hard:1,GREEDY,adjacency,0.060202,46,False
14,hard:1,14:hard:1,GREEDY,adjacency,0.063643,46,False
14,hard:1,14:hard:1,GREEDY,adjacency,0.060594,46,False
14,hard:2,14:hard:2,BFS,N/A,N/A,0,True
14,hard:2,14:hard:2,BFS,N/A,N/A,0,True
14,hard:2,14:hard:2,BFS,N/A,N/A,0,True
14,hard:2,14:hard:2,DFS,N/A,N/A,0,True
14,hard:2,14:hard:2,DFS,N/A,N/A,0,True
14,hard:2,14:hard:2,DFS,N/A,N/A,0,True
14,hard:2,14:hard:2,IDS,N/A,N/A,0,True
14,hard:2,14:hard:2,IDS,N/A,N/A,0,True
14,hard:2,14:hard:2,IDS,N/A,N/A,0,True
14,hard:2,14:hard:2,GREEDY,adjacency,0.329281,103,False
14,hard:2,14:hard:2,GREEDY,adjacency,0.328026,103,False
14,hard:2,14:hard:2,GREEDY,adjacency,0.344153,103,False
14,hard:3,14:hard:3,BFS,N/A,N/A,0,True
14,hard:3,14:hard:3,BFS,N/A,N/A,0,True
14,hard:3,14:hard:3,BFS,N/A,N/A,0,True
14,hard:3,14:hard:3,DFS,N/A,N/A,0,True
14,hard:3,14:hard:3,DFS,N/A,N/A,0,True
14,hard:3,14:hard:3,DFS,N/A,N/A,0,True
14,hard:3,14:hard:3,IDS,N/A,N/A,0,True
14,hard:3,14:hard:3,IDS,N/A,N/A,0,True
14,hard:3,14:hard:3,IDS,N/A,N/A,0,True
14,hard:3,14:hard:3,GREEDY,adjacency,0.673488,104,False
14,hard:3,14:hard:3,GREEDY,adjacency,0.672956,104,False
14,hard:3,14:hard:3,GREEDY,adjacency,0.848155,104,False
20,easy:1,20:easy:1,BFS,N/A,N/A,0,True
20,easy:1,20:easy:1,BFS,N/A,N/A,0,True
20,easy:1,20:easy:1,BFS,N/A,N/A,0,True
20,easy:1,20:easy:1,DFS,N/A,N/A,0,True
20,easy:1,20:easy:1,DFS,N/A,N/A,0,True
20,easy:1,20:easy:1,DFS,N/A,N/A,0,True
20,easy:1,20:easy:1,IDS,N/A,N/A,0,True
20,easy:1,20:easy:1,IDS,N/A,N/A,0,True
20,easy:1,20:easy:1,IDS,N/A,N/A,0,True
20,easy:1,20:easy:1,GREEDY,adjacency,5.781153,41,False
20,easy:1,20:easy:1,GREEDY,adjacency,5.7092,41,False
20,easy:1,20:easy:1,GREEDY,adjacency,5.809411,41,False
20,easy:2,20:easy:2,BFS,N/A,N/A,0,True
20,easy:2,20:easy:2,DFS,N/A,0.082076,26887,False
20,easy:2,20:easy:2,DFS,N/A,0.090855,26887,False
20,easy:2,20:easy:2,DFS,N/A,0.088626,26887,False
20,easy:2,20:easy:2,IDS,N/A,N/A,0,True
20,easy:2,20:easy:2,IDS,N/A,N/A,0,True
20,easy:2,20:easy:2,GREEDY,adjacency,6.202622,39,False
20,easy:2,20:easy:2,GREEDY,adjacency,6.152838,39,False
20,easy:2,20:easy:2,GREEDY,adjacency,6.166881,39,False
20,easy:3,20:easy:3,BFS,N/A,3.2e-05,1,False
20,easy:3,20:easy:3,BFS,N/A,3.2e-05,1,False
20,easy:3,20:easy:3,BFS,N/A,3.5e-05,1,False
20,easy:3,20:easy:3,DFS,N/A,2.5e-05,1,False
20,easy:3,20:easy:3,DFS,N/A,2.5e-05,1,False
20,easy:3,20:easy:3,DFS,N/A,2.6e-05,1,False
20,easy:3,20:easy:3,IDS,N/A,2.8e-05,1,False
20,easy:3,20:easy:3,IDS,N/A,2.7e-05,1,False
20,easy:3,20:easy:3,IDS,N/A,3e-05,1,False
20,easy:3,20:easy:3,GREEDY,adjacency,3.7e-05,1,False
20,easy:3,20:easy:3,GREEDY,adjacency,3.6e-05,1,False
20,easy:3,20:easy:3,GREEDY,adjacency,4e-05,1,False
20,medium:1,20:medium:1,BFS,N/A,0.000623,6,False
20,medium:1,20:medium:1,BFS,N/A,0.000586,6,False
20,medium:1,20:medium:1,BFS,N/A,0.000573,6,False
20,medium:1,20:medium:1,DFS,N/A,0.005809,1591,False
20,medium:1,20:medium:1,DFS,N/A,0.00547,1591,False
20,medium:1,20:medium:1,DFS,N/A,0.005794,1591,False
20,medium:1,20:medium:1,IDS,N/A,0.000674,6,False
20,medium:1,20:medium:1,IDS,N/A,0.000618,6,False
20,medium:1,20:medium:1,IDS,N/A,0.000641,6,False
20,medium:1,20:medium:1,GREEDY,adjacency,0.000257,6,False
20,medium:1,20:medium:1,GREEDY,adjacency,0.000268,6,False
20,medium:1,20:medium:1,GREEDY,adjacency,0.000269,6,False
20,medium:2,20:medium:2,BFS,N/A,N/A,0,True
20,medium:2,20:medium:2,DFS,N/A,N/A,0,True
20,medium:2,20:medium:2,IDS,N/A,N/A,0,True
20,medium:2,20:medium:2,GREEDY,adjacency,5.735875,41,False
20,medium:2,20:medium:2,GREEDY,adjacency,5.829605,41,False
20,medium:2,20:medium:2,GREEDY,adjacency,5.874157,41,False
20,medium:3,20:medium:3,BFS,N/A,N/A,0,True
20,medium:3,20:medium:3,DFS,N/A,N/A,0,True
20,medium:3,20:medium:3,IDS,N/A,N/A,0,True
20,medium:3,20:medium:3,GREEDY,adjacency,5.78809,43,False
20,medium:3,20:medium:3,GREEDY,adjacency,5.861995,43,False
20,medium:3,20:medium:3,GREEDY,adjacency,5.834528,43,False
20,hard:1,20:hard:1,BFS,N/A,N/A,0,True
20,hard:1,20:hard:1,DFS,N/A,N/A,0,True
20,hard:1,20:hard:1,IDS,N/A,N/A,0,True
20,hard:1,20:hard:1,GREEDY,adjacency,12.306639,172,False
20,hard:1,20:hard:1,GREEDY,adjacency,12.4756,172,False
20,hard:1,20:hard:1,GREEDY,adjacency,12.457718,172,False
20,hard:2,20:hard:2,BFS,N/A,N/A,0,True
20,hard:2,20:hard:2,BFS,N/A,N/A,0,True
20,hard:2,20:hard:2,DFS,N/A,N/A,0,True
20,hard:2,20:hard:2,IDS,N/A,N/A,0,True
20,hard:2,20:hard:2,GREEDY,adjacency,1.752791,193,False
20,hard:2,20:hard:2,GREEDY,adjacency,1.773287,193,False
20,hard:2,20:hard:2,GREEDY,adjacency,1.771189,193,False
20,hard:3,20:hard:3,BFS,N/A,N/A,0,True
20,hard:3,20:hard:3,DFS,N/A,N/A,0,True
20,hard:3,20:hard:3,IDS,N/A,N/A,0,True
20,hard:3,20:hard:3,GREEDY,adjacency,11.366482,223,False
20,hard:3,20:hard:3,GREEDY,adjacency,11.533993,223,False
20,hard:3,20:hard:3,GREEDY,adjacency,11.571,223,False
6,easy:1,6:easy:1,GREEDY,min_misplaced_slots,4e-05,1,False
6,easy:1,6:easy:1,GREEDY,min_misplaced_slots,3.2e-05,1,False
6,easy:1,6:easy:1,GREEDY,min_misplaced_slots,4e-05,1,False
6,easy:1,6:easy:1,ASTAR,adjacency,3.6e-05,1,False
6,easy:1,6:easy:1,ASTAR,adjacency,3.3e-05,1,False
6,easy:1,6:easy:1,ASTAR,adjacency,3.8e-05,1,False
6,easy:1,6:easy:1,ASTAR,min_misplaced_slots,3.2e-05,1,False
6,easy:1,6:easy:1,ASTAR,min_misplaced_slots,4.2e-05,1,False
6,easy:1,6:easy:1,ASTAR,min_misplaced_slots,3.6e-05,1,False
6,easy:1,6:easy:1,WEIGHTED-ASTAR,adjacency,3.6e-05,1,False
6,easy:1,6:easy:1,WEIGHTED-ASTAR,adjacency,5e-05,1,False
6,easy:1,6:easy:1,WEIGHTED-ASTAR,adjacency,2.9e-05,1,False
6,easy:1,6:easy:1,WEIGHTED-ASTAR,min_misplaced_slots,3.2e-05,1,False
6,easy:1,6:easy:1,WEIGHTED-ASTAR,min_misplaced_slots,3.8e-05,1,False
6,easy:1,6:easy:1,WEIGHTED-ASTAR,min_misplaced_slots,3.7e-05,1,False
6,easy:2,6:easy:2,GREEDY,min_misplaced_slots,5.2e-05,3,False
6,easy:2,6:easy:2,GREEDY,min_misplaced_slots,5.3e-05,3,False
6,easy:2,6:easy:2,GREEDY,min_misplaced_slots,6.1e-05,3,False
6,easy:2,6:easy:2,ASTAR,adjacency,8e-05,3,False
6,easy:2,6:easy:2,ASTAR,adjacency,9.9e-05,3,False
6,easy:2,6:easy:2,ASTAR,adjacency,0.0001,3,False
6,easy:2,6:easy:2,ASTAR,min_misplaced_slots,9.1e-05,3,False
6,easy:2,6:easy:2,ASTAR,min_misplaced_slots,8.7e-05,3,False
6,easy:2,6:easy:2,ASTAR,min_misplaced_slots,0.000107,3,False
6,easy:2,6:easy:2,WEIGHTED-ASTAR,adjacency,0.000123,3,False
6,easy:2,6:easy:2,WEIGHTED-ASTAR,adjacency,6.1e-05,3,False
6,easy:2,6:easy:2,WEIGHTED-ASTAR,adjacency,6.1e-05,3,False
6,easy:2,6:easy:2,WEIGHTED-ASTAR,min_misplaced_slots,5.5e-05,3,False
6,easy:2,6:easy:2,WEIGHTED-ASTAR,min_misplaced_slots,5.3e-05,3,False
6,easy:2,6:easy:2,WEIGHTED-ASTAR,min_misplaced_slots,5.9e-05,3,False
6,easy:3,6:easy:3,GREEDY,min_misplaced_slots,7e-05,3,False
6,easy:3,6:easy:3,GREEDY,min_misplaced_slots,7.1e-05,3,False
6,easy:3,6:easy:3,GREEDY,min_misplaced_slots,8.2e-05,3,False
6,easy:3,6:easy:3,ASTAR,adjacency,7.4e-05,3,False
6,easy:3,6:easy:3,ASTAR,adjacency,6.5e-05,3,False
6,easy:3,6:easy:3,ASTAR,adjacency,6.4e-05,3,False
6,easy:3,6:easy:3,ASTAR,min_misplaced_slots,6.9e-05,3,False
6,easy:3,6:easy:3,ASTAR,min_misplaced_slots,6.9e-05,3,False
6,easy:3,6:easy:3,ASTAR,min_misplaced_slots,7.7e-05,3,False
6,easy:3,6:easy:3,WEIGHTED-ASTAR,adjacency,7.9e-05,3,False
6,easy:3,6:easy:3,WEIGHTED-ASTAR,adjacency,0.000102,3,False
6,easy:3,6:easy:3,WEIGHTED-ASTAR,adjacency,8.1e-05,3,False
6,easy:3,6:easy:3,WEIGHTED-ASTAR,min_misplaced_slots,7.1e-05,3,False
6,easy:3,6:easy:3,WEIGHTED-ASTAR,min_misplaced_slots,9.1e-05,3,False
6,easy:3,6:easy:3,WEIGHTED-ASTAR,min_misplaced_slots,7.2e-05,3,False
6,medium:1,6:medium:1,GREEDY,min_misplaced_slots,0.000229,5,False
6,medium:1,6:medium:1,GREEDY,min_misplaced_slots,0.000173,5,False
6,medium:1,6:medium:1,GREEDY,min_misplaced_slots,0.000173,5,False
6,medium:1,6:medium:1,ASTAR,adjacency,0.000255,5,False
6,medium:1,6:medium:1,ASTAR,adjacency,0.000191,5,False
6,medium:1,6:medium:1,ASTAR,adjacency,0.000194,5,False
6,medium:1,6:medium:1,ASTAR,min_misplaced_slots,0.000232,5,False
6,medium:1,6:medium:1,ASTAR,min_misplaced_slots,0.000246,5,False
6,medium:1,6:medium:1,ASTAR,min_misplaced_slots,0.000241,5,False
6,medium:1,6:medium:1,WEIGHTED-ASTAR,adjacency,0.000205,5,False
6,medium:1,6:medium:1,WEIGHTED-ASTAR,adjacency,0.000207,5,False
6,medium:1,6:medium:1,WEIGHTED-ASTAR,adjacency,0.00023,5,False
6,medium:1,6:medium:1,WEIGHTED-ASTAR,min_misplaced_slots,0.000177,5,False
6,medium:1,6:medium:1,WEIGHTED-ASTAR,min_misplaced_slots,0.000174,5,False
6,medium:1,6:medium:1,WEIGHTED-ASTAR,min_misplaced_slots,0.000176,5,False
6,medium:2,6:medium:2,GREEDY,min_misplaced_slots,0.000274,6,False
6,medium:2,6:medium:2,GREEDY,min_misplaced_slots,0.000255,6,False
6,medium:2,6:medium:2,GREEDY,min_misplaced_slots,0.000269,6,False
6,medium:2,6:medium:2,ASTAR,adjacency,0.000435,6,False
6,medium:2,6:medium:2,ASTAR,adjacency,0.00056,6,False
6,medium:2,6:medium:2,ASTAR,adjacency,0.000476,6,False
6,medium:2,6:medium:2,ASTAR,min_misplaced_slots,0.000474,6,False
6,medium:2,6:medium:2,ASTAR,min_misplaced_slots,0.000582,6,False
6,medium:2,6:medium:2,ASTAR,min_misplaced_slots,0.000442,6,False
6,medium:2,6:medium:2,WEIGHTED-ASTAR,adjacency,0.000334,6,False
6,medium:2,6:medium:2,WEIGHTED-ASTAR,adjacency,0.000341,6,False
6,medium:2,6:medium:2,WEIGHTED-ASTAR,adjacency,0.000342,6,False
6,medium:2,6:medium:2,WEIGHTED-ASTAR,min_misplaced_slots,0.000257,6,False
6,medium:2,6:medium:2,WEIGHTED-ASTAR,min_misplaced_slots,0.000258,6,False
6,medium:2,6:medium:2,WEIGHTED-ASTAR,min_misplaced_slots,0.0003,6,False
6,medium:3,6:medium:3,GREEDY,min_misplaced_slots,0.000821,7,False
6,medium:3,6:medium:3,GREEDY,min_misplaced_slots,0.000559,7,False
6,medium:3,6:medium:3,GREEDY,min_misplaced_slots,0.000499,7,False
6,medium:3,6:medium:3,ASTAR,adjacency,0.000487,7,False
6,medium:3,6:medium:3,ASTAR,adjacency,0.000505,7,False
6,medium:3,6:medium:3,ASTAR,adjacency,0.000489,7,False
6,medium:3,6:medium:3,ASTAR,min_misplaced_slots,0.000578,7,False
6,medium:3,6:medium:3,ASTAR,min_misplaced_slots,0.000601,7,False
6,medium:3,6:medium:3,ASTAR,min_misplaced_slots,0.000596,7,False
6,medium:3,6:medium:3,WEIGHTED-ASTAR,adjacency,0.000524,7,False
6,medium:3,6:medium:3,WEIGHTED-ASTAR,adjacency,0.000543,7,False
6,medium:3,6:medium:3,WEIGHTED-ASTAR,adjacency,0.000528,7,False
6,medium:3,6:medium:3,WEIGHTED-ASTAR,min_misplaced_slots,0.000409,7,False
6,medium:3,6:medium:3,WEIGHTED-ASTAR,min_misplaced_slots,0.000407,7,False
6,medium:3,6:medium:3,WEIGHTED-ASTAR,min_misplaced_slots,0.000413,7,False
6,hard:1,6:hard:1,GREEDY,min_misplaced_slots,0.00257,9,False
6,hard:1,6:hard:1,GREEDY,min_misplaced_slots,0.002479,9,False
6,hard:1,6:hard:1,GREEDY,min_misplaced_slots,0.002713,9,False
6,hard:1,6:hard:1,ASTAR,adjacency,0.001364,9,False
6,hard:1,6:hard:1,ASTAR,adjacency,0.001362,9,False
6,hard:1,6:hard:1,ASTAR,adjacency,0.001369,9,False
6,hard:1,6:hard:1,ASTAR,min_misplaced_slots,0.001617,9,False
6,hard:1,6:hard:1,ASTAR,min_misplaced_slots,0.001625,9,False
6,hard:1,6:hard:1,ASTAR,min_misplaced_slots,0.001648,9,False
6,hard:1,6:hard:1,WEIGHTED-ASTAR,adjacency,0.001518,9,False
6,hard:1,6:hard:1,WEIGHTED-ASTAR,adjacency,0.002028,9,False
6,hard:1,6:hard:1,WEIGHTED-ASTAR,adjacency,0.001287,9,False
6,hard:1,6:hard:1,WEIGHTED-ASTAR,min_misplaced_slots,0.001493,9,False
6,hard:1,6:hard:1,WEIGHTED-ASTAR,min_misplaced_slots,0.001493,9,False
6,hard:1,6:hard:1,WEIGHTED-ASTAR,min_misplaced_slots,0.001499,9,False
6,hard:2,6:hard:2,GREEDY,min_misplaced_slots,0.002888,10,False
6,hard:2,6:hard:2,GREEDY,min_misplaced_slots,0.002805,10,False
6,hard:2,6:hard:2,GREEDY,min_misplaced_slots,0.002818,10,False
6,hard:2,6:hard:2,ASTAR,adjacency,0.001915,10,False
6,hard:2,6:hard:2,ASTAR,adjacency,0.001906,10,False
6,hard:2,6:hard:2,ASTAR,adjacency,0.001928,10,False
6,hard:2,6:hard:2,ASTAR,min_misplaced_slots,0.002264,10,False
6,hard:2,6:hard:2,ASTAR,min_misplaced_slots,0.002258,10,False
6,hard:2,6:hard:2,ASTAR,min_misplaced_slots,0.002266,10,False
6,hard:2,6:hard:2,WEIGHTED-ASTAR,adjacency,0.001626,10,False
6,hard:2,6:hard:2,WEIGHTED-ASTAR,adjacency,0.001638,10,False
6,hard:2,6:hard:2,WEIGHTED-ASTAR,adjacency,0.001636,10,False
6,hard:2,6:hard:2,WEIGHTED-ASTAR,min_misplaced_slots,0.001662,10,False
6,hard:2,6:hard:2,WEIGHTED-ASTAR,min_misplaced_slots,0.001745,10,False
6,hard:2,6:hard:2,WEIGHTED-ASTAR,min_misplaced_slots,0.001665,10,False
6,hard:3,6:hard:3,GREEDY,min_misplaced_slots,0.003881,11,False
6,hard:3,6:hard:3,GREEDY,min_misplaced_slots,0.003781,11,False
6,hard:3,6:hard:3,GREEDY,min_misplaced_slots,0.003814,11,False
6,hard:3,6:hard:3,ASTAR,adjacency,0.00276,11,False
6,hard:3,6:hard:3,ASTAR,adjacency,0.002451,11,False
6,hard:3,6:hard:3,ASTAR,adjacency,0.002726,11,False
6,hard:3,6:hard:3,ASTAR,min_misplaced_slots,0.003004,11,False
6,hard:3,6:hard:3,ASTAR,min_misplaced_slots,0.003709,11,False
6,hard:3,6:hard:3,ASTAR,min_misplaced_slots,0.002897,11,False
6,hard:3,6:hard:3,WEIGHTED-ASTAR,adjacency,0.001961,11,False
6,hard:3,6:hard:3,WEIGHTED-ASTAR,adjacency,0.001969,11,False
6,hard:3,6:hard:3,WEIGHTED-ASTAR,adjacency,0.002304,11,False
6,hard:3,6:hard:3,WEIGHTED-ASTAR,min_misplaced_slots,0.002287,11,False
6,hard:3,6:hard:3,WEIGHTED-ASTAR,min_misplaced_slots,0.00235,11,False
6,hard:3,6:hard:3,WEIGHTED-ASTAR,min_misplaced_slots,0.002329,11,False
10,easy:1,10:easy:1,GREEDY,min_misplaced_slots,4.1e-05,1,False
10,easy:1,10:easy:1,GREEDY,min_misplaced_slots,3.5e-05,1,False
10,easy:1,10:easy:1,GREEDY,min_misplaced_slots,3.6e-05,1,False
10,easy:1,10:easy:1,ASTAR,adjacency,3.4e-05,1,False
10,easy:1,10:easy:1,ASTAR,adjacency,3.6e-05,1,False
10,easy:1,10:easy:1,ASTAR,adjacency,3.6e-05,1,False
10,easy:1,10:easy:1,ASTAR,min_misplaced_slots,4e-05,1,False
10,easy:1,10:easy:1,ASTAR,min_misplaced_slots,3.9e-05,1,False
10,easy:1,10:easy:1,ASTAR,min_misplaced_slots,3.7e-05,1,False
10,easy:1,10:easy:1,WEIGHTED-ASTAR,adjacency,3.6e-05,1,False
10,easy:1,10:easy:1,WEIGHTED-ASTAR,adjacency,4.6e-05,1,False
10,easy:1,10:easy:1,WEIGHTED-ASTAR,adjacency,3.6e-05,1,False
10,easy:1,10:easy:1,WEIGHTED-ASTAR,min_misplaced_slots,3.9e-05,1,False
10,easy:1,10:easy:1,WEIGHTED-ASTAR,min_misplaced_slots,3.8e-05,1,False
10,easy:1,10:easy:1,WEIGHTED-ASTAR,min_misplaced_slots,4e-05,1,False
10,easy:2,10:easy:2,GREEDY,min_misplaced_slots,5.1e-05,3,False
10,easy:2,10:easy:2,GREEDY,min_misplaced_slots,4.9e-05,3,False
10,easy:2,10:easy:2,GREEDY,min_misplaced_slots,4.8e-05,3,False
10,easy:2,10:easy:2,ASTAR,adjacency,7.1e-05,3,False
10,easy:2,10:easy:2,ASTAR,adjacency,7.2e-05,3,False
10,easy:2,10:easy:2,ASTAR,adjacency,6.9e-05,3,False
10,easy:2,10:easy:2,ASTAR,min_misplaced_slots,6.3e-05,3,False
10,easy:2,10:easy:2,ASTAR,min_misplaced_slots,6.3e-05,3,False
10,easy:2,10:easy:2,ASTAR,min_misplaced_slots,6.7e-05,3,False
10,easy:2,10:easy:2,WEIGHTED-ASTAR,adjacency,8.2e-05,3,False
10,easy:2,10:easy:2,WEIGHTED-ASTAR,adjacency,7.6e-05,3,False
10,easy:2,10:easy:2,WEIGHTED-ASTAR,adjacency,7.9e-05,3,False
10,easy:2,10:easy:2,WEIGHTED-ASTAR,min_misplaced_slots,4.9e-05,3,False
10,easy:2,10:easy:2,WEIGHTED-ASTAR,min_misplaced_slots,4.9e-05,3,False
10,easy:2,10:easy:2,WEIGHTED-ASTAR,min_misplaced_slots,4.9e-05,3,False
10,easy:3,10:easy:3,GREEDY,min_misplaced_slots,7.9e-05,5,False
10,easy:3,10:easy:3,GREEDY,min_misplaced_slots,7.7e-05,5,False
10,easy:3,10:easy:3,GREEDY,min_misplaced_slots,8.3e-05,5,False
10,easy:3,10:easy:3,ASTAR,adjacency,0.000252,5,False
10,easy:3,10:easy:3,ASTAR,adjacency,0.000224,5,False
10,easy:3,10:easy:3,ASTAR,adjacency,0.000185,5,False
10,easy:3,10:easy:3,ASTAR,min_misplaced_slots,0.000199,5,False
10,easy:3,10:easy:3,ASTAR,min_misplaced_slots,0.0002,5,False
10,easy:3,10:easy:3,ASTAR,min_misplaced_slots,0.000214,5,False
10,easy:3,10:easy:3,WEIGHTED-ASTAR,adjacency,0.000101,5,False
10,easy:3,10:easy:3,WEIGHTED-ASTAR,adjacency,9.5e-05,5,False
10,easy:3,10:easy:3,WEIGHTED-ASTAR,adjacency,9e-05,5,False
10,easy:3,10:easy:3,WEIGHTED-ASTAR,min_misplaced_slots,9.9e-05,5,False
10,easy:3,10:easy:3,WEIGHTED-ASTAR,min_misplaced_slots,0.000131,5,False
10,easy:3,10:easy:3,WEIGHTED-ASTAR,min_misplaced_slots,0.000103,5,False
10,medium:1,10:medium:1,GREEDY,min_misplaced_slots,0.0026,12,False
10,medium:1,10:medium:1,GREEDY,min_misplaced_slots,0.003062,12,False
10,medium:1,10:medium:1,GREEDY,min_misplaced_slots,0.002976,12,False
10,medium:1,10:medium:1,ASTAR,adjacency,0.009288,12,False
10,medium:1,10:medium:1,ASTAR,adjacency,0.00939,12,False
10,medium:1,10:medium:1,ASTAR,adjacency,0.009789,12,False
10,medium:1,10:medium:1,ASTAR,min_misplaced_slots,0.015934,12,False
10,medium:1,10:medium:1,ASTAR,min_misplaced_slots,0.015779,12,False
10,medium:1,10:medium:1,ASTAR,min_misplaced_slots,0.016058,12,False
10,medium:1,10:medium:1,WEIGHTED-ASTAR,adjacency,0.005905,12,False
10,medium:1,10:medium:1,WEIGHTED-ASTAR,adjacency,0.006317,12,False
10,medium:1,10:medium:1,WEIGHTED-ASTAR,adjacency,0.006177,12,False
10,medium:1,10:medium:1,WEIGHTED-ASTAR,min_misplaced_slots,0.007412,12,False
10,medium:1,10:medium:1,WEIGHTED-ASTAR,min_misplaced_slots,0.007922,12,False
10,medium:1,10:medium:1,WEIGHTED-ASTAR,min_misplaced_slots,0.007571,12,False
10,medium:2,10:medium:2,GREEDY,min_misplaced_slots,5.181785,16,False
10,medium:2,10:medium:2,GREEDY,min_misplaced_slots,5.091045,16,False
10,medium:2,10:medium:2,GREEDY,min_misplaced_slots,5.087576,16,False
10,medium:2,10:medium:2,ASTAR,adjacency,0.043103,14,False
10,medium:2,10:medium:2,ASTAR,adjacency,0.042782,14,False
10,medium:2,10:medium:2,ASTAR,adjacency,0.043531,14,False
10,medium:2,10:medium:2,ASTAR,min_misplaced_slots,0.053768,14,False
10,medium:2,10:medium:2,ASTAR,min_misplaced_slots,0.057076,14,False
10,medium:2,10:medium:2,ASTAR,min_misplaced_slots,0.050179,14,False
10,medium:2,10:medium:2,WEIGHTED-ASTAR,adjacency,0.023908,14,False
10,medium:2,10:medium:2,WEIGHTED-ASTAR,adjacency,0.023333,14,False
10,medium:2,10:medium:2,WEIGHTED-ASTAR,adjacency,0.023304,14,False
10,medium:2,10:medium:2,WEIGHTED-ASTAR,min_misplaced_slots,0.029098,14,False
10,medium:2,10:medium:2,WEIGHTED-ASTAR,min_misplaced_slots,0.028756,14,False
10,medium:2,10:medium:2,WEIGHTED-ASTAR,min_misplaced_slots,0.028768,14,False
10,medium:3,10:medium:3,GREEDY,min_misplaced_slots,14.893445,31,False
10,medium:3,10:medium:3,GREEDY,min_misplaced_slots,15.312369,31,False
10,medium:3,10:medium:3,GREEDY,min_misplaced_slots,14.199554,31,False
10,medium:3,10:medium:3,ASTAR,adjacency,0.055338,14,False
10,medium:3,10:medium:3,ASTAR,adjacency,0.055486,14,False
10,medium:3,10:medium:3,ASTAR,adjacency,0.056126,14,False
10,medium:3,10:medium:3,ASTAR,min_misplaced_slots,0.065728,14,False
10,medium:3,10:medium:3,ASTAR,min_misplaced_slots,0.06679,14,False
10,medium:3,10:medium:3,ASTAR,min_misplaced_slots,0.065073,14,False
10,medium:3,10:medium:3,WEIGHTED-ASTAR,adjacency,0.016957,14,False
10,medium:3,10:medium:3,WEIGHTED-ASTAR,adjacency,0.017639,14,False
10,medium:3,10:medium:3,WEIGHTED-ASTAR,adjacency,0.016933,14,False
10,medium:3,10:medium:3,WEIGHTED-ASTAR,min_misplaced_slots,0.028551,14,False
10,medium:3,10:medium:3,WEIGHTED-ASTAR,min_misplaced_slots,0.028367,14,False
10,medium:3,10:medium:3,WEIGHTED-ASTAR,min_misplaced_slots,0.028524,14,False
10,hard:1,10:hard:1,GREEDY,min_misplaced_slots,4.34783,22,False
10,hard:1,10:hard:1,GREEDY,min_misplaced_slots,4.460738,22,False
10,hard:1,10:hard:1,GREEDY,min_misplaced_slots,4.424003,22,False
10,hard:1,10:hard:1,ASTAR,adjacency,4.526702,21,False
10,hard:1,10:hard:1,ASTAR,adjacency,4.424484,21,False
10,hard:1,10:hard:1,ASTAR,adjacency,4.867197,21,False
10,hard:1,10:hard:1,ASTAR,min_misplaced_slots,7.934071,21,False
10,hard:1,10:hard:1,ASTAR,min_misplaced_slots,7.848488,21,False
10,hard:1,10:hard:1,ASTAR,min_misplaced_slots,7.903544,21,False
10,hard:1,10:hard:1,WEIGHTED-ASTAR,adjacency,1.400408,21,False
10,hard:1,10:hard:1,WEIGHTED-ASTAR,adjacency,1.398682,21,False
10,hard:1,10:hard:1,WEIGHTED-ASTAR,adjacency,1.416676,21,False
10,hard:1,10:hard:1,WEIGHTED-ASTAR,min_misplaced_slots,3.240057,21,False
10,hard:1,10:hard:1,WEIGHTED-ASTAR,min_misplaced_slots,3.250847,21,False
10,hard:1,10:hard:1,WEIGHTED-ASTAR,min_misplaced_slots,3.23091,21,False
10,hard:2,10:hard:2,GREEDY,min_misplaced_slots,N/A,0,True
10,hard:2,10:hard:2,GREEDY,min_misplaced_slots,N/A,0,True
10,hard:2,10:hard:2,ASTAR,adjacency,50.395879,27,False
10,hard:2,10:hard:2,ASTAR,adjacency,46.98327,27,False
10,hard:2,10:hard:2,ASTAR,adjacency,46.512487,27,False
10,hard:2,10:hard:2,ASTAR,min_misplaced_slots,53.240061,27,False
10,hard:2,10:hard:2,ASTAR,min_misplaced_slots,52.945962,27,False
10,hard:2,10:hard:2,ASTAR,min_misplaced_slots,52.749597,27,False
10,hard:2,10:hard:2,WEIGHTED-ASTAR,adjacency,17.841205,27,False
10,hard:2,10:hard:2,WEIGHTED-ASTAR,adjacency,17.869617,27,False
10,hard:2,10:hard:2,WEIGHTED-ASTAR,adjacency,17.803769,27,False
10,hard:2,10:hard:2,WEIGHTED-ASTAR,min_misplaced_slots,26.847076,27,False
10,hard:2,10:hard:2,WEIGHTED-ASTAR,min_misplaced_slots,26.919812,27,False
10,hard:2,10:hard:2,WEIGHTED-ASTAR,min_misplaced_slots,26.736459,27,False
10,hard:3,10:hard:3,GREEDY,min_misplaced_slots,N/A,0,True
10,hard:3,10:hard:3,ASTAR,adjacency,45.62967,27,False
10,hard:3,10:hard:3,ASTAR,adjacency,45.698354,27,False
10,hard:3,10:hard:3,ASTAR,adjacency,46.063494,27,False
10,hard:3,10:hard:3,ASTAR,min_misplaced_slots,52.113345,27,False
10,hard:3,10:hard:3,ASTAR,min_misplaced_slots,52.382659,27,False
10,hard:3,10:hard:3,ASTAR,min_misplaced_slots,51.726833,27,False
10,hard:3,10:hard:3,WEIGHTED-ASTAR,adjacency,17.799325,27,False
10,hard:3,10:hard:3,WEIGHTED-ASTAR,adjacency,17.627913,27,False
10,hard:3,10:hard:3,WEIGHTED-ASTAR,adjacency,17.606487,27,False
10,hard:3,10:hard:3,WEIGHTED-ASTAR,min_misplaced_slots,26.69914,27,False
10,hard:3,10:hard:3,WEIGHTED-ASTAR,min_misplaced_slots,26.58119,27,False
10,hard:3,10:hard:3,WEIGHTED-ASTAR,min_misplaced_slots,26.774685,27,False
14,easy:1,14:easy:1,GREEDY,min_misplaced_slots,3.5e-05,1,False
14,easy:1,14:easy:1,GREEDY,min_misplaced_slots,4e-05,1,False
14,easy:1,14:easy:1,GREEDY,min_misplaced_slots,3.4e-05,1,False
14,easy:1,14:easy:1,ASTAR,adjacency,3.4e-05,1,False
14,easy:1,14:easy:1,ASTAR,adjacency,3.2e-05,1,False
14,easy:1,14:easy:1,ASTAR,adjacency,3.2e-05,1,False
14,easy:1,14:easy:1,ASTAR,min_misplaced_slots,3.6e-05,1,False
14,easy:1,14:easy:1,ASTAR,min_misplaced_slots,3.6e-05,1,False
14,easy:1,14:easy:1,ASTAR,min_misplaced_slots,3.9e-05,1,False
14,easy:1,14:easy:1,WEIGHTED-ASTAR,adjacency,3.3e-05,1,False
14,easy:1,14:easy:1,WEIGHTED-ASTAR,adjacency,3.4e-05,1,False
14,easy:1,14:easy:1,WEIGHTED-ASTAR,adjacency,3.3e-05,1,False
14,easy:1,14:easy:1,WEIGHTED-ASTAR,min_misplaced_slots,3.8e-05,1,False
14,easy:1,14:easy:1,WEIGHTED-ASTAR,min_misplaced_slots,3.6e-05,1,False
14,easy:1,14:easy:1,WEIGHTED-ASTAR,min_misplaced_slots,3.7e-05,1,False
14,easy:2,14:easy:2,GREEDY,min_misplaced_slots,6.3e-05,3,False
14,easy:2,14:easy:2,GREEDY,min_misplaced_slots,5.9e-05,3,False
14,easy:2,14:easy:2,GREEDY,min_misplaced_slots,5.1e-05,3,False
14,easy:2,14:easy:2,ASTAR,adjacency,7.4e-05,3,False
14,easy:2,14:easy:2,ASTAR,adjacency,7.4e-05,3,False
14,easy:2,14:easy:2,ASTAR,adjacency,7.3e-05,3,False
14,easy:2,14:easy:2,ASTAR,min_misplaced_slots,6.9e-05,3,False
14,easy:2,14:easy:2,ASTAR,min_misplaced_slots,7.3e-05,3,False
14,easy:2,14:easy:2,ASTAR,min_misplaced_slots,7e-05,3,False
14,easy:2,14:easy:2,WEIGHTED-ASTAR,adjacency,0.000112,3,False
14,easy:2,14:easy:2,WEIGHTED-ASTAR,adjacency,8.5e-05,3,False
14,easy:2,14:easy:2,WEIGHTED-ASTAR,adjacency,8.4e-05,3,False
14,easy:2,14:easy:2,WEIGHTED-ASTAR,min_misplaced_slots,5e-05,3,False
14,easy:2,14:easy:2,WEIGHTED-ASTAR,min_misplaced_slots,5.4e-05,3,False
14,easy:2,14:easy:2,WEIGHTED-ASTAR,min_misplaced_slots,5.2e-05,3,False
14,easy:3,14:easy:3,GREEDY,min_misplaced_slots,9e-05,5,False
14,easy:3,14:easy:3,GREEDY,min_misplaced_slots,8.8e-05,5,False
14,easy:3,14:easy:3,GREEDY,min_misplaced_slots,8.9e-05,5,False
14,easy:3,14:easy:3,ASTAR,adjacency,0.00021,5,False
14,easy:3,14:easy:3,ASTAR,adjacency,0.000209,5,False
14,easy:3,14:easy:3,ASTAR,adjacency,0.000206,5,False
14,easy:3,14:easy:3,ASTAR,min_misplaced_slots,0.000216,5,False
14,easy:3,14:easy:3,ASTAR,min_misplaced_slots,0.000216,5,False
14,easy:3,14:easy:3,ASTAR,min_misplaced_slots,0.000214,5,False
14,easy:3,14:easy:3,WEIGHTED-ASTAR,adjacency,0.000104,5,False
14,easy:3,14:easy:3,WEIGHTED-ASTAR,adjacency,0.000101,5,False
14,easy:3,14:easy:3,WEIGHTED-ASTAR,adjacency,0.000105,5,False
14,easy:3,14:easy:3,WEIGHTED-ASTAR,min_misplaced_slots,0.000113,5,False
14,easy:3,14:easy:3,WEIGHTED-ASTAR,min_misplaced_slots,0.000114,5,False
14,easy:3,14:easy:3,WEIGHTED-ASTAR,min_misplaced_slots,0.000113,5,False
14,medium:1,14:medium:1,GREEDY,min_misplaced_slots,0.000126,7,False
14,medium:1,14:medium:1,GREEDY,min_misplaced_slots,0.000137,7,False
14,medium:1,14:medium:1,GREEDY,min_misplaced_slots,0.000133,7,False
14,medium:1,14:medium:1,ASTAR,adjacency,0.000683,7,False
14,medium:1,14:medium:1,ASTAR,adjacency,0.000676,7,False
14,medium:1,14:medium:1,ASTAR,adjacency,0.000671,7,False
14,medium:1,14:medium:1,ASTAR,min_misplaced_slots,0.000438,7,False
14,medium:1,14:medium:1,ASTAR,min_misplaced_slots,0.000456,7,False
14,medium:1,14:medium:1,ASTAR,min_misplaced_slots,0.000449,7,False
14,medium:1,14:medium:1,WEIGHTED-ASTAR,adjacency,0.000391,7,False
14,medium:1,14:medium:1,WEIGHTED-ASTAR,adjacency,0.000387,7,False
14,medium:1,14:medium:1,WEIGHTED-ASTAR,adjacency,0.000388,7,False
14,medium:1,14:medium:1,WEIGHTED-ASTAR,min_misplaced_slots,0.000356,7,False
14,medium:1,14:medium:1,WEIGHTED-ASTAR,min_misplaced_slots,0.000298,7,False
14,medium:1,14:medium:1,WEIGHTED-ASTAR,min_misplaced_slots,0.000236,7,False
14,medium:2,14:medium:2,GREEDY,min_misplaced_slots,0.000882,8,False
14,medium:2,14:medium:2,GREEDY,min_misplaced_slots,0.001393,8,False
14,medium:2,14:medium:2,GREEDY,min_misplaced_slots,0.00087,8,False
14,medium:2,14:medium:2,ASTAR,adjacency,0.000991,8,False
14,medium:2,14:medium:2,ASTAR,adjacency,0.001529,8,False
14,medium:2,14:medium:2,ASTAR,adjacency,0.000996,8,False
14,medium:2,14:medium:2,ASTAR,min_misplaced_slots,0.000721,8,False
14,medium:2,14:medium:2,ASTAR,min_misplaced_slots,0.000719,8,False
14,medium:2,14:medium:2,ASTAR,min_misplaced_slots,0.00073,8,False
14,medium:2,14:medium:2,WEIGHTED-ASTAR,adjacency,0.000751,8,False
14,medium:2,14:medium:2,WEIGHTED-ASTAR,adjacency,0.00111,8,False
14,medium:2,14:medium:2,WEIGHTED-ASTAR,adjacency,0.000773,8,False
14,medium:2,14:medium:2,WEIGHTED-ASTAR,min_misplaced_slots,0.000513,8,False
14,medium:2,14:medium:2,WEIGHTED-ASTAR,min_misplaced_slots,0.000505,8,False
14,medium:2,14:medium:2,WEIGHTED-ASTAR,min_misplaced_slots,0.000734,8,False
14,medium:3,14:medium:3,GREEDY,min_misplaced_slots,0.003399,10,False
14,medium:3,14:medium:3,GREEDY,min_misplaced_slots,0.002475,10,False
14,medium:3,14:medium:3,GREEDY,min_misplaced_slots,0.003288,10,False
14,medium:3,14:medium:3,ASTAR,adjacency,0.004866,10,False
14,medium:3,14:medium:3,ASTAR,adjacency,0.003816,10,False
14,medium:3,14:medium:3,ASTAR,adjacency,0.003819,10,False
14,medium:3,14:medium:3,ASTAR,min_misplaced_slots,0.003053,10,False
14,medium:3,14:medium:3,ASTAR,min_misplaced_slots,0.003907,10,False
14,medium:3,14:medium:3,ASTAR,min_misplaced_slots,0.003036,10,False
14,medium:3,14:medium:3,WEIGHTED-ASTAR,adjacency,0.002288,10,False
14,medium:3,14:medium:3,WEIGHTED-ASTAR,adjacency,0.002824,10,False
14,medium:3,14:medium:3,WEIGHTED-ASTAR,adjacency,0.002509,10,False
14,medium:3,14:medium:3,WEIGHTED-ASTAR,min_misplaced_slots,0.001675,10,False
14,medium:3,14:medium:3,WEIGHTED-ASTAR,min_misplaced_slots,0.001662,10,False
14,medium:3,14:medium:3,WEIGHTED-ASTAR,min_misplaced_slots,0.001672,10,False
14,hard:1,14:hard:1,GREEDY,min_misplaced_slots,N/A,0,True
14,hard:1,14:hard:1,ASTAR,adjacency,N/A,0,True
14,hard:1,14:hard:1,ASTAR,min_misplaced_slots,N/A,0,True
14,hard:1,14:hard:1,WEIGHTED-ASTAR,adjacency,N/A,0,True
14,hard:1,14:hard:1,WEIGHTED-ASTAR,min_misplaced_slots,N/A,0,True
14,hard:2,14:hard:2,GREEDY,min_misplaced_slots,53.406332,65,False
14,hard:2,14:hard:2,GREEDY,min_misplaced_slots,52.768436,65,False
14,hard:2,14:hard:2,GREEDY,min_misplaced_slots,52.330946,65,False
14,hard:2,14:hard:2,ASTAR,adjacency,N/A,0,True
14,hard:2,14:hard:2,ASTAR,min_misplaced_slots,N/A,0,True
14,hard:2,14:hard:2,WEIGHTED-ASTAR,adjacency,N/A,0,True
14,hard:2,14:hard:2,WEIGHTED-ASTAR,min_misplaced_slots,N/A,0,True
14,hard:3,14:hard:3,GREEDY,min_misplaced_slots,98.996182,47,False
14,hard:3,14:hard:3,GREEDY,min_misplaced_slots,102.693229,47,False
14,hard:3,14:hard:3,GREEDY,min_misplaced_slots,99.873749,47,False
14,hard:3,14:hard:3,ASTAR,adjacency,N/A,0,True
14,hard:3,14:hard:3,ASTAR,min_misplaced_slots,N/A,0,True
14,hard:3,14:hard:3,WEIGHTED-ASTAR,adjacency,N/A,0,True
14,hard:3,14:hard:3,WEIGHTED-ASTAR,min_misplaced_slots,N/A,0,True
20,easy:1,20:easy:1,GREEDY,min_misplaced_slots,N/A,0,True
20,easy:1,20:easy:1,ASTAR,adjacency,N/A,0,True
20,easy:1,20:easy:1,ASTAR,min_misplaced_slots,N/A,0,True
20,easy:1,20:easy:1,WEIGHTED-ASTAR,adjacency,N/A,0,True
20,easy:1,20:easy:1,WEIGHTED-ASTAR,min_misplaced_slots,N/A,0,True
20,easy:2,20:easy:2,GREEDY,min_misplaced_slots,N/A,0,True
20,easy:3,20:easy:3,GREEDY,min_misplaced_slots,3.7e-05,1,False
20,easy:3,20:easy:3,GREEDY,min_misplaced_slots,3.6e-05,1,False
20,easy:3,20:easy:3,GREEDY,min_misplaced_slots,3.7e-05,1,False
20,easy:3,20:easy:3,ASTAR,adjacency,3.6e-05,1,False
20,easy:3,20:easy:3,ASTAR,adjacency,3.5e-05,1,False
20,easy:3,20:easy:3,ASTAR,adjacency,3.9e-05,1,False
20,easy:3,20:easy:3,ASTAR,min_misplaced_slots,4e-05,1,False
20,easy:3,20:easy:3,ASTAR,min_misplaced_slots,3.8e-05,1,False
20,easy:3,20:easy:3,ASTAR,min_misplaced_slots,3.7e-05,1,False
20,easy:3,20:easy:3,WEIGHTED-ASTAR,adjacency,3.7e-05,1,False
20,easy:3,20:easy:3,WEIGHTED-ASTAR,adjacency,3.5e-05,1,False
20,easy:3,20:easy:3,WEIGHTED-ASTAR,adjacency,3.6e-05,1,False
20,easy:3,20:easy:3,WEIGHTED-ASTAR,min_misplaced_slots,3.8e-05,1,False
20,easy:3,20:easy:3,WEIGHTED-ASTAR,min_misplaced_slots,3.9e-05,1,False
20,easy:3,20:easy:3,WEIGHTED-ASTAR,min_misplaced_slots,3.7e-05,1,False
20,medium:1,20:medium:1,GREEDY,min_misplaced_slots,0.000106,6,False
20,medium:1,20:medium:1,GREEDY,min_misplaced_slots,0.000107,6,False
20,medium:1,20:medium:1,GREEDY,min_misplaced_slots,0.000115,6,False
20,medium:1,20:medium:1,ASTAR,adjacency,0.000333,6,False
20,medium:1,20:medium:1,ASTAR,adjacency,0.000341,6,False
20,medium:1,20:medium:1,ASTAR,adjacency,0.000327,6,False
20,medium:1,20:medium:1,ASTAR,min_misplaced_slots,0.00036,6,False
20,medium:1,20:medium:1,ASTAR,min_misplaced_slots,0.000353,6,False
20,medium:1,20:medium:1,ASTAR,min_misplaced_slots,0.000363,6,False
20,medium:1,20:medium:1,WEIGHTED-ASTAR,adjacency,0.000202,6,False
20,medium:1,20:medium:1,WEIGHTED-ASTAR,adjacency,0.00019,6,False
20,medium:1,20:medium:1,WEIGHTED-ASTAR,adjacency,0.000195,6,False
20,medium:1,20:medium:1,WEIGHTED-ASTAR,min_misplaced_slots,0.000232,6,False
20,medium:1,20:medium:1,WEIGHTED-ASTAR,min_misplaced_slots,0.000237,6,False
20,medium:1,20:medium:1,WEIGHTED-ASTAR,min_misplaced_slots,0.000241,6,False
20,medium:2,20:medium:2,ASTAR,adjacency,N/A,0,True
20,medium:2,20:medium:2,ASTAR,min_misplaced_slots,N/A,0,True
20,medium:2,20:medium:2,WEIGHTED-ASTAR,adjacency,N/A,0,True
20,medium:3,20:medium:3,GREEDY,min_misplaced_slots,N/A,0,True
